epoch,loss,score,idx_0,idx_1,idx_2,idx_3,idx_4,idx_5,idx_6,idx_7,idx_8,idx_9,reordered_0,reordered_1,reordered_2,reordered_3,reordered_4,reordered_5,reordered_6,reordered_7,reordered_8,reordered_9
0,100.00088500976562,42,0.00021529500372707844,0.11089581996202469,0.2247164100408554,0.3308391571044922,0.4499548375606537,0.5500451922416687,0.6674460172653198,0.7769984006881714,0.8888888955116272,1.0,0.7949384450912476,0.7923142910003662,0.8106992840766907,0.780298113822937,0.8286921381950378,0.7615271806716919,0.7765124440193176,0.7670127749443054,0.7914383411407471,0.7982176542282104
1,100.0001449584961,42,0.00043059024028480053,0.11068052798509598,0.2272106111049652,0.3283449709415436,0.45546525716781616,0.5445348024368286,0.6682254076004028,0.7762190103530884,0.8888888955116272,1.0,0.7949384450912476,0.7923142910003662,0.8106992840766907,0.780298113822937,0.8286921381950378,0.7615271806716919,0.7765124440193176,0.7670127749443054,0.7914383411407471,0.7982176542282104
2,99.99939727783203,42,0.000645885884296149,0.11046523600816727,0.229704812169075,0.3258507549762726,0.46097567677497864,0.5390244126319885,0.6690047979354858,0.7754396200180054,0.8888888955116272,1.0,0.7949384450912476,0.7923142910003662,0.8106992840766907,0.780298113822937,0.8286921381950378,0.7615271806716919,0.7765124440193176,0.7670127749443054,0.7914383411407471,0.7982176542282104
3,99.9986572265625,42,0.0008611819939687848,0.11024993658065796,0.232199028134346,0.3233565390110016,0.4664860963821411,0.5335139632225037,0.6697841882705688,0.7746602296829224,0.8888888955116272,1.0,0.7949384450912476,0.7923142910003662,0.8106992840766907,0.780298113822937,0.8286921381950378,0.7615271806716919,0.7765124440193176,0.7670127749443054,0.7914383411407471,0.7982176542282104
4,99.9979019165039,42,0.001076478511095047,0.11003463715314865,0.234693244099617,0.3208623230457306,0.471996545791626,0.5280035138130188,0.6705635786056519,0.7738808393478394,0.8888888955116272,1.0,0.7949384450912476,0.7923142910003662,0.8106992840766907,0.780298113822937,0.8286921381950378,0.7615271806716919,0.7765124440193176,0.7670127749443054,0.7914383411407471,0.7982176542282104
5,99.99715423583984,42,0.0012917756102979183,0.10981933772563934,0.2371874749660492,0.3183681070804596,0.4775070548057556,0.5224930047988892,0.6713429689407349,0.7731014490127563,0.8888888955116272,1.0,0.7949384450912476,0.7923142910003662,0.8106992840766907,0.780298113822937,0.8286921381950378,0.7615271806716919,0.7765124440193176,0.7670127749443054,0.7914383411407471,0.7982176542282104
6,99.99641418457031,42,0.001507073757238686,0.10960403829813004,0.23968170583248138,0.3158738613128662,0.48301762342453003,0.5169824361801147,0.6721223592758179,0.7723220586776733,0.8888888955116272,1.0,0.7949384450912476,0.7923142910003662,0.8106992840766907,0.780298113822937,0.8286921381950378,0.7615271806716919,0.7765124440193176,0.7670127749443054,0.7914383411407471,0.7982176542282104
7,99.99567413330078,42,0.0017223733011633158,0.10938873887062073,0.24217596650123596,0.3133796155452728,0.48852837085723877,0.511471688747406,0.6729017496109009,0.7715426683425903,0.8888888955116272,1.0,0.7949384450912476,0.7923142910003662,0.8106992840766907,0.780298113822937,0.8286921381950378,0.7615271806716919,0.7765124440193176,0.7670127749443054,0.7914383411407471,0.7982176542282104
8,99.99491882324219,42,0.0019376749405637383,0.10917343944311142,0.24467025697231293,0.31088533997535706,0.4940395653247833,0.5059605240821838,0.6736811399459839,0.7707632780075073,0.8888888955116272,1.0,0.7949384450912476,0.7923142910003662,0.8106992840766907,0.780298113822937,0.8286921381950378,0.7615271806716919,0.7765124440193176,0.7670127749443054,0.7914383411407471,0.7982176542282104
9,99.99418640136719,42,0.002152982633560896,0.10895813256502151,0.24716462194919586,0.3083909749984741,0.49955299496650696,0.5004470944404602,0.6744605898857117,0.7699838280677795,0.8888888955116272,1.0,0.7949384450912476,0.7923142910003662,0.8106992840766907,0.780298113822937,0.8286921381950378,0.7615271806716919,0.7765124440193176,0.7670127749443054,0.7914383411407471,0.7982176542282104
10,99.9934310913086,40,0.0023684396874159575,0.10874267667531967,0.24966073036193848,0.3058948814868927,0.5056174397468567,0.4943826496601105,0.6752405762672424,0.7692038416862488,0.8888888955116272,1.0,0.7949384450912476,0.7923142910003662,0.8106992840766907,0.780298113822937,0.7615271806716919,0.8286921381950378,0.7765124440193176,0.7670127749443054,0.7914383411407471,0.7982176542282104
11,100.00330352783203,40,0.0025765523314476013,0.1085345670580864,0.25207170844078064,0.3049725592136383,0.5097556114196777,0.4928939938545227,0.6718558073043823,0.7684504389762878,0.8888888955116272,1.0,0.7949384450912476,0.7923142910003662,0.8106992840766907,0.780298113822937,0.7615271806716919,0.8286921381950378,0.7765124440193176,0.7670127749443054,0.7914383411407471,0.7982176542282104
12,100.00292205810547,40,0.002784665208309889,0.10832645744085312,0.2544826865196228,0.3040502369403839,0.5138937830924988,0.49140533804893494,0.6684710383415222,0.7676970362663269,0.8888888955116272,1.0,0.7949384450912476,0.7923142910003662,0.8106992840766907,0.780298113822937,0.7615271806716919,0.8286921381950378,0.7765124440193176,0.7670127749443054,0.7914383411407471,0.7982176542282104
13,100.0025405883789,40,0.00299277831800282,0.10811834782361984,0.25689366459846497,0.3031279146671295,0.5180319547653198,0.48991668224334717,0.6650862693786621,0.766943633556366,0.8888888955116272,1.0,0.7949384450912476,0.7923142910003662,0.8106992840766907,0.780298113822937,0.7615271806716919,0.8286921381950378,0.7765124440193176,0.7670127749443054,0.7914383411407471,0.7982176542282104
14,100.00215911865234,40,0.003200891427695751,0.10791023820638657,0.25930464267730713,0.3022055923938751,0.5221701264381409,0.4884280264377594,0.661701500415802,0.766190230846405,0.8888888955116272,1.0,0.7949384450912476,0.7923142910003662,0.8106992840766907,0.780298113822937,0.7615271806716919,0.8286921381950378,0.7765124440193176,0.7670127749443054,0.7914383411407471,0.7982176542282104
15,100.00177764892578,40,0.0034090050030499697,0.10770212113857269,0.2617156207561493,0.3012832701206207,0.5263082981109619,0.48693937063217163,0.6583167314529419,0.7654368281364441,0.8888888955116272,1.0,0.7949384450912476,0.7923142910003662,0.8106992840766907,0.780298113822937,0.7615271806716919,0.8286921381950378,0.7765124440193176,0.7670127749443054,0.7914383411407471,0.7982176542282104
16,100.00139617919922,40,0.003617118811234832,0.10749400407075882,0.26412659883499146,0.30036094784736633,0.530446469783783,0.48545071482658386,0.6549319624900818,0.7646834254264832,0.8888888955116272,1.0,0.7949384450912476,0.7923142910003662,0.8106992840766907,0.780298113822937,0.7615271806716919,0.8286921381950378,0.7765124440193176,0.7670127749443054,0.7914383411407471,0.7982176542282104
17,100.00101470947266,40,0.0038252328522503376,0.10728588700294495,0.2665375769138336,0.29943862557411194,0.534584641456604,0.4839620590209961,0.6515471935272217,0.7639300227165222,0.8888888955116272,1.0,0.7949384450912476,0.7923142910003662,0.8106992840766907,0.780298113822937,0.7615271806716919,0.8286921381950378,0.7765124440193176,0.7670127749443054,0.7914383411407471,0.7982176542282104
18,100.0006332397461,40,0.004033347126096487,0.10707776993513107,0.2689485549926758,0.29851630330085754,0.538722813129425,0.4824734032154083,0.6481623649597168,0.7631766200065613,0.8888888955116272,1.0,0.7949384450912476,0.7923142910003662,0.8106992840766907,0.780298113822937,0.7615271806716919,0.8286921381950378,0.7765124440193176,0.7670127749443054,0.7914383411407471,0.7982176542282104
19,100.00025177001953,40,0.004241461865603924,0.1068696528673172,0.27135956287384033,0.29759395122528076,0.5428609848022461,0.48098474740982056,0.6447775363922119,0.7624232172966003,0.8888888955116272,1.0,0.7949384450912476,0.7923142910003662,0.8106992840766907,0.780298113822937,0.7615271806716919,0.8286921381950378,0.7765124440193176,0.7670127749443054,0.7914383411407471,0.7982176542282104
20,99.99986267089844,40,0.004449577070772648,0.10666153579950333,0.2737705707550049,0.296671599149704,0.5469991564750671,0.4794960916042328,0.641392707824707,0.7616698145866394,0.8888888955116272,1.0,0.7949384450912476,0.7923142910003662,0.8106992840766907,0.780298113822937,0.7615271806716919,0.8286921381950378,0.7765124440193176,0.7670127749443054,0.7914383411407471,0.7982176542282104
21,99.99948120117188,40,0.004657692741602659,0.10645341873168945,0.2761816084384918,0.2957492172718048,0.551137387752533,0.478007435798645,0.6380078792572021,0.7609164118766785,0.8888888955116272,1.0,0.7949384450912476,0.7923142910003662,0.8106992840766907,0.780298113822937,0.7615271806716919,0.8286921381950378,0.7765124440193176,0.7670127749443054,0.7914383411407471,0.7982176542282104
22,99.99910736083984,40,0.004865809343755245,0.10624530166387558,0.27859270572662354,0.29482677578926086,0.5552756190299988,0.47651877999305725,0.6346230506896973,0.7601630091667175,0.8888888955116272,1.0,0.7949384450912476,0.7923142910003662,0.8106992840766907,0.780298113822937,0.7615271806716919,0.8286921381950378,0.7765124440193176,0.7670127749443054,0.7914383411407471,0.7982176542282104
23,99.99872589111328,40,0.005073926877230406,0.1060371845960617,0.2810038924217224,0.29390427470207214,0.5594138503074646,0.4750300943851471,0.6312382221221924,0.7594096064567566,0.8888888955116272,1.0,0.7949384450912476,0.7923142910003662,0.8106992840766907,0.780298113822937,0.7615271806716919,0.8286921381950378,0.7765124440193176,0.7670127749443054,0.7914383411407471,0.7982176542282104
24,99.99835205078125,40,0.005282045342028141,0.10582906752824783,0.2834152579307556,0.2929815948009491,0.5635521411895752,0.47354140877723694,0.6278533339500427,0.7586562037467957,0.8888888955116272,1.0,0.7949384450912476,0.7923142910003662,0.8106992840766907,0.780298113822937,0.7615271806716919,0.8286921381950378,0.7765124440193176,0.7670127749443054,0.7914383411407471,0.7982176542282104
25,99.99796295166016,40,0.0054901656694710255,0.10562095046043396,0.28582701086997986,0.2920585572719574,0.5676904320716858,0.4720527231693268,0.6244684457778931,0.7579028010368347,0.8888888955116272,1.0,0.7949384450912476,0.7923142910003662,0.8106992840766907,0.780298113822937,0.7615271806716919,0.8286921381950378,0.7765124440193176,0.7670127749443054,0.7914383411407471,0.7982176542282104
26,99.99758911132812,40,0.005698289722204208,0.10541282594203949,0.2882400155067444,0.2911342978477478,0.5718288421630859,0.47056400775909424,0.6210834383964539,0.7571493983268738,0.8888888955116272,1.0,0.7949384450912476,0.7923142910003662,0.8106992840766907,0.780298113822937,0.7615271806716919,0.8286921381950378,0.7765124440193176,0.7670127749443054,0.7914383411407471,0.7982176542282104
27,99.99720764160156,40,0.005906425882130861,0.10520468652248383,0.2906613349914551,0.2902017831802368,0.5759674906730652,0.46907520294189453,0.6176982522010803,0.7563959360122681,0.8888888955116272,1.0,0.7949384450912476,0.7923142910003662,0.780298113822937,0.8106992840766907,0.7615271806716919,0.8286921381950378,0.7765124440193176,0.7670127749443054,0.7914383411407471,0.7982176542282104
28,100.00260925292969,40,0.006094614043831825,0.10587821155786514,0.29418760538101196,0.289340078830719,0.5797094106674194,0.46554893255233765,0.6146376132965088,0.7557147145271301,0.8888888955116272,1.0,0.7949384450912476,0.7923142910003662,0.780298113822937,0.8106992840766907,0.7615271806716919,0.8286921381950378,0.7765124440193176,0.7670127749443054,0.7914383411407471,0.7982176542282104
29,100.00211334228516,40,0.0062828026711940765,0.10655173659324646,0.29771390557289124,0.28847837448120117,0.5834513306617737,0.4620226323604584,0.6115769743919373,0.7550334930419922,0.8888888955116272,1.0,0.7949384450912476,0.7923142910003662,0.780298113822937,0.8106992840766907,0.7615271806716919,0.8286921381950378,0.7765124440193176,0.7670127749443054,0.7914383411407471,0.7982176542282104
30,100.00161743164062,40,0.006470991764217615,0.10722526907920837,0.3012402057647705,0.28761664032936096,0.5871932506561279,0.4584963321685791,0.6085163354873657,0.7543522715568542,0.8888888955116272,1.0,0.7949384450912476,0.7923142910003662,0.780298113822937,0.8106992840766907,0.7615271806716919,0.8286921381950378,0.7765124440193176,0.7670127749443054,0.7914383411407471,0.7982176542282104
31,100.0011215209961,40,0.006659182254225016,0.10789880156517029,0.30476653575897217,0.28675490617752075,0.5909351706504822,0.45497000217437744,0.6054556965827942,0.7536709904670715,0.8888888955116272,1.0,0.7949384450912476,0.7923142910003662,0.780298113822937,0.8106992840766907,0.7615271806716919,0.8286921381950378,0.7765124440193176,0.7670127749443054,0.7914383411407471,0.7982176542282104
32,100.0006103515625,40,0.006847374606877565,0.1085723415017128,0.3082928955554962,0.28589317202568054,0.5946770906448364,0.4514436423778534,0.6023950576782227,0.7529897093772888,0.8888888955116272,1.0,0.7949384450912476,0.7923142910003662,0.780298113822937,0.8106992840766907,0.7615271806716919,0.8286921381950378,0.7765124440193176,0.7670127749443054,0.7914383411407471,0.7982176542282104
33,100.00010681152344,40,0.0070355720818042755,0.1092458963394165,0.3118193447589874,0.28503140807151794,0.5984191298484802,0.4479171931743622,0.5993342995643616,0.7523084282875061,0.8888888955116272,1.0,0.7949384450912476,0.7923142910003662,0.780298113822937,0.8106992840766907,0.7615271806716919,0.8286921381950378,0.7765124440193176,0.7670127749443054,0.7914383411407471,0.7982176542282104
34,99.99961853027344,38,0.007223849184811115,0.10991974174976349,0.315347284078598,0.2841692864894867,0.6021829843521118,0.4443892538547516,0.5962520241737366,0.7516268491744995,0.8888888955116272,1.0,0.7949384450912476,0.7923142910003662,0.780298113822937,0.8106992840766907,0.7615271806716919,0.7765124440193176,0.8286921381950378,0.7670127749443054,0.7914383411407471,0.7982176542282104
35,100.00489044189453,38,0.00741203548386693,0.1105932667851448,0.3188735246658325,0.28330758213996887,0.6066061854362488,0.4408630132675171,0.5962520241737366,0.7472036480903625,0.8888888955116272,1.0,0.7949384450912476,0.7923142910003662,0.780298113822937,0.8106992840766907,0.7615271806716919,0.7765124440193176,0.8286921381950378,0.7670127749443054,0.7914383411407471,0.7982176542282104
36,100.00424194335938,38,0.007600221782922745,0.11126679182052612,0.322399765253067,0.28244587779045105,0.6110293865203857,0.4373367726802826,0.5962520241737366,0.7427804470062256,0.8888888955116272,1.0,0.7949384450912476,0.7923142910003662,0.780298113822937,0.8106992840766907,0.7615271806716919,0.7765124440193176,0.8286921381950378,0.7670127749443054,0.7914383411407471,0.7982176542282104
37,100.00358581542969,38,0.0077884080819785595,0.11194031685590744,0.3259260058403015,0.2815841734409332,0.6154525876045227,0.4338105320930481,0.5962520241737366,0.7383572459220886,0.8888888955116272,1.0,0.7949384450912476,0.7923142910003662,0.780298113822937,0.8106992840766907,0.7615271806716919,0.7765124440193176,0.8286921381950378,0.7670127749443054,0.7914383411407471,0.7982176542282104
38,100.0029296875,38,0.007976594381034374,0.11261384189128876,0.3294522762298584,0.2807224690914154,0.6198757886886597,0.4302842617034912,0.5962520241737366,0.7339340448379517,0.8888888955116272,1.0,0.7949384450912476,0.7923142910003662,0.780298113822937,0.8106992840766907,0.7615271806716919,0.7765124440193176,0.8286921381950378,0.7670127749443054,0.7914383411407471,0.7982176542282104
39,100.00228881835938,38,0.008164781145751476,0.11328736692667007,0.3329785466194153,0.2798607647418976,0.6242989897727966,0.4267579913139343,0.5962520241737366,0.7295108437538147,0.8888888955116272,1.0,0.7949384450912476,0.7923142910003662,0.780298113822937,0.8106992840766907,0.7615271806716919,0.7765124440193176,0.8286921381950378,0.7670127749443054,0.7914383411407471,0.7982176542282104
40,100.00163269042969,38,0.008352968841791153,0.11396089196205139,0.33650481700897217,0.27899906039237976,0.6287221908569336,0.42323172092437744,0.5962520241737366,0.7250876426696777,0.8888888955116272,1.0,0.7949384450912476,0.7923142910003662,0.780298113822937,0.8106992840766907,0.7615271806716919,0.7765124440193176,0.8286921381950378,0.7670127749443054,0.7914383411407471,0.7982176542282104
41,100.0009765625,38,0.00854115653783083,0.11463441699743271,0.34003108739852905,0.27813735604286194,0.6331453919410706,0.41970545053482056,0.5962520241737366,0.7206644415855408,0.8888888955116272,1.0,0.7949384450912476,0.7923142910003662,0.780298113822937,0.8106992840766907,0.7615271806716919,0.7765124440193176,0.8286921381950378,0.7670127749443054,0.7914383411407471,0.7982176542282104
42,100.00032043457031,38,0.008729344233870506,0.11530794203281403,0.34355735778808594,0.2772756516933441,0.6375685930252075,0.41617918014526367,0.5962520241737366,0.7162412405014038,0.8888888955116272,1.0,0.7949384450912476,0.7923142910003662,0.780298113822937,0.8106992840766907,0.7615271806716919,0.7765124440193176,0.8286921381950378,0.7670127749443054,0.7914383411407471,0.7982176542282104
43,99.99967193603516,38,0.008917532861232758,0.11598146706819534,0.3470836579799652,0.2764139473438263,0.6419917941093445,0.4126528799533844,0.5962520241737366,0.7118180394172668,0.8888888955116272,1.0,0.7949384450912476,0.7923142910003662,0.780298113822937,0.8106992840766907,0.7615271806716919,0.7765124440193176,0.8286921381950378,0.7670127749443054,0.7914383411407471,0.7982176542282104
44,99.9990234375,38,0.009105721488595009,0.11665499210357666,0.3506099581718445,0.27555224299430847,0.6464150547981262,0.4091265797615051,0.5962520241737366,0.7073947787284851,0.8888888955116272,1.0,0.7949384450912476,0.7923142910003662,0.780298113822937,0.8106992840766907,0.7615271806716919,0.7765124440193176,0.8286921381950378,0.7670127749443054,0.7914383411407471,0.7982176542282104
45,99.99836730957031,38,0.009293911047279835,0.11732852458953857,0.35413628816604614,0.27469053864479065,0.650838315486908,0.40560024976730347,0.5962520241737366,0.7029715180397034,0.8888888955116272,1.0,0.7949384450912476,0.7923142910003662,0.780298113822937,0.8106992840766907,0.7615271806716919,0.7765124440193176,0.8286921381950378,0.7670127749443054,0.7914383411407471,0.7982176542282104
46,99.99771118164062,38,0.00948210060596466,0.11800205707550049,0.3576626181602478,0.27382880449295044,0.6552615761756897,0.4020739197731018,0.5962520241737366,0.6985482573509216,0.8888888955116272,1.0,0.7949384450912476,0.7923142910003662,0.780298113822937,0.8106992840766907,0.7615271806716919,0.7765124440193176,0.8286921381950378,0.7670127749443054,0.7914383411407471,0.7982176542282104
47,99.99706268310547,38,0.009670291095972061,0.1186755895614624,0.36118900775909424,0.27296707034111023,0.6596848964691162,0.39854753017425537,0.5962520241737366,0.6941249370574951,0.8888888955116272,1.0,0.7949384450912476,0.7923142910003662,0.780298113822937,0.8106992840766907,0.7615271806716919,0.7765124440193176,0.8286921381950378,0.7670127749443054,0.7914383411407471,0.7982176542282104
48,99.99640655517578,38,0.009858482517302036,0.11934912949800491,0.36471545696258545,0.27210533618927,0.6641083359718323,0.39502108097076416,0.5962520241737366,0.689701497554779,0.8888888955116272,1.0,0.7949384450912476,0.7923142910003662,0.780298113822937,0.8106992840766907,0.7615271806716919,0.7765124440193176,0.8286921381950378,0.7670127749443054,0.7914383411407471,0.7982176542282104
49,99.99575805664062,38,0.01004667580127716,0.12002266943454742,0.3682420253753662,0.2712436020374298,0.6685320138931274,0.3914945125579834,0.5962520241737366,0.6852778196334839,0.8888888955116272,1.0,0.7949384450912476,0.7923142910003662,0.780298113822937,0.8106992840766907,0.7615271806716919,0.7765124440193176,0.8286921381950378,0.7670127749443054,0.7914383411407471,0.7982176542282104
50,99.99510192871094,38,0.010234871879220009,0.12069622427225113,0.3717688322067261,0.2703818380832672,0.6729562878608704,0.38796770572662354,0.5962520241737366,0.680853545665741,0.8888888955116272,1.0,0.7949384450912476,0.7923142910003662,0.780298113822937,0.8106992840766907,0.7615271806716919,0.7765124440193176,0.8286921381950378,0.7670127749443054,0.7914383411407471,0.7982176542282104
51,99.99445343017578,36,0.010423076339066029,0.12136980891227722,0.37529632449150085,0.2695200443267822,0.6773844957351685,0.38444021344184875,0.5962520241737366,0.6764253377914429,0.8888888955116272,1.0,0.7949384450912476,0.7923142910003662,0.780298113822937,0.8106992840766907,0.7615271806716919,0.7765124440193176,0.7670127749443054,0.8286921381950378,0.7914383411407471,0.7982176542282104
52,100.00004577636719,36,0.010636676102876663,0.12213428318500519,0.37929874658584595,0.26854196190834045,0.6804168224334717,0.38043779134750366,0.5970252752304077,0.6756520867347717,0.885856568813324,1.0,0.7949384450912476,0.7923142910003662,0.780298113822937,0.8106992840766907,0.7615271806716919,0.7765124440193176,0.7670127749443054,0.8286921381950378,0.7914383411407471,0.7982176542282104
53,99.99951171875,34,0.010850357823073864,0.12289905548095703,0.3833213150501251,0.26756352186203003,0.6834503412246704,0.3764152228832245,0.5977988243103027,0.6748785376548767,0.8828230500221252,1.0,0.7949384450912476,0.7923142910003662,0.780298113822937,0.7615271806716919,0.8106992840766907,0.7765124440193176,0.7670127749443054,0.8286921381950378,0.7914383411407471,0.7982176542282104
54,100.00666046142578,34,0.011056874878704548,0.12363818287849426,0.3860117495059967,0.26809510588645935,0.6863821744918823,0.3749379813671112,0.5958559513092041,0.674130916595459,0.8798912167549133,1.0,0.7949384450912476,0.7923142910003662,0.780298113822937,0.7615271806716919,0.8106992840766907,0.7765124440193176,0.7670127749443054,0.8286921381950378,0.7914383411407471,0.7982176542282104
55,100.00634002685547,34,0.011263391934335232,0.1243773102760315,0.3887021839618683,0.26862668991088867,0.6893140077590942,0.3734607398509979,0.5939130783081055,0.6733832955360413,0.8769593834877014,1.0,0.7949384450912476,0.7923142910003662,0.780298113822937,0.7615271806716919,0.8106992840766907,0.7765124440193176,0.7670127749443054,0.8286921381950378,0.7914383411407471,0.7982176542282104
56,100.00601959228516,34,0.01146990992128849,0.12511643767356873,0.39139261841773987,0.269158273935318,0.6922458410263062,0.37198349833488464,0.5919702053070068,0.6726356744766235,0.8740275502204895,1.0,0.7949384450912476,0.7923142910003662,0.780298113822937,0.7615271806716919,0.8106992840766907,0.7765124440193176,0.7670127749443054,0.8286921381950378,0.7914383411407471,0.7982176542282104
57,100.00570678710938,34,0.011676427908241749,0.12585556507110596,0.39408305287361145,0.2696898579597473,0.6951776742935181,0.37050625681877136,0.5900273323059082,0.6718880534172058,0.8710957169532776,1.0,0.7949384450912476,0.7923142910003662,0.780298113822937,0.7615271806716919,0.8106992840766907,0.7765124440193176,0.7670127749443054,0.8286921381950378,0.7914383411407471,0.7982176542282104
58,100.00538635253906,34,0.011882945895195007,0.1265946924686432,0.39677348732948303,0.27022144198417664,0.69810950756073,0.3690290153026581,0.5880845189094543,0.6711404323577881,0.8681638836860657,1.0,0.7949384450912476,0.7923142910003662,0.780298113822937,0.7615271806716919,0.8106992840766907,0.7765124440193176,0.7670127749443054,0.8286921381950378,0.7914383411407471,0.7982176542282104
59,100.00506591796875,34,0.012089463882148266,0.12733381986618042,0.3994639217853546,0.27075302600860596,0.7010413408279419,0.3675517737865448,0.5861417055130005,0.6703928112983704,0.8652320504188538,1.0,0.7949384450912476,0.7923142910003662,0.780298113822937,0.7615271806716919,0.8106992840766907,0.7765124440193176,0.7670127749443054,0.8286921381950378,0.7914383411407471,0.7982176542282104
60,100.00475311279297,34,0.012295981869101524,0.12807294726371765,0.4021543562412262,0.2712846100330353,0.7039731740951538,0.3660745322704315,0.5841988921165466,0.6696451902389526,0.8623002171516418,1.0,0.7949384450912476,0.7923142910003662,0.780298113822937,0.7615271806716919,0.8106992840766907,0.7765124440193176,0.7670127749443054,0.8286921381950378,0.7914383411407471,0.7982176542282104
61,100.00443267822266,34,0.012502499856054783,0.12881207466125488,0.4048447906970978,0.2718161940574646,0.7069050073623657,0.36459729075431824,0.5822560787200928,0.6688975691795349,0.8593683838844299,1.0,0.7949384450912476,0.7923142910003662,0.780298113822937,0.7615271806716919,0.8106992840766907,0.7765124440193176,0.7670127749443054,0.8286921381950378,0.7914383411407471,0.7982176542282104
62,100.00411224365234,34,0.012709017843008041,0.12955120205879211,0.40753522515296936,0.2723477780818939,0.7098368406295776,0.36312004923820496,0.5803132653236389,0.6681499481201172,0.856436550617218,1.0,0.7949384450912476,0.7923142910003662,0.780298113822937,0.7615271806716919,0.8106992840766907,0.7765124440193176,0.7670127749443054,0.8286921381950378,0.7914383411407471,0.7982176542282104
63,100.00379943847656,34,0.0129155358299613,0.13029032945632935,0.41022565960884094,0.27287936210632324,0.7127686738967896,0.3616428077220917,0.5783704519271851,0.6674023270606995,0.8535047173500061,1.0,0.7949384450912476,0.7923142910003662,0.780298113822937,0.7615271806716919,0.8106992840766907,0.7765124440193176,0.7670127749443054,0.8286921381950378,0.7914383411407471,0.7982176542282104
64,100.00347900390625,34,0.013122053816914558,0.13102945685386658,0.4129160940647125,0.27341094613075256,0.7157005071640015,0.3601655662059784,0.5764276385307312,0.6666547060012817,0.8505728840827942,1.0,0.7949384450912476,0.7923142910003662,0.780298113822937,0.7615271806716919,0.8106992840766907,0.7765124440193176,0.7670127749443054,0.8286921381950378,0.7914383411407471,0.7982176542282104
65,100.00315856933594,34,0.013328571803867817,0.1317685842514038,0.4156065285205841,0.2739425301551819,0.7186323404312134,0.3586883246898651,0.5744848251342773,0.665907084941864,0.8476410508155823,1.0,0.7949384450912476,0.7923142910003662,0.780298113822937,0.7615271806716919,0.8106992840766907,0.7765124440193176,0.7670127749443054,0.8286921381950378,0.7914383411407471,0.7982176542282104
66,100.00283813476562,34,0.013535089790821075,0.13250771164894104,0.4182969629764557,0.2744741141796112,0.7215641736984253,0.35721108317375183,0.5725420117378235,0.6651594638824463,0.8447092175483704,1.0,0.7949384450912476,0.7923142910003662,0.780298113822937,0.7615271806716919,0.8106992840766907,0.7765124440193176,0.7670127749443054,0.8286921381950378,0.7914383411407471,0.7982176542282104
67,100.00251770019531,34,0.013741608709096909,0.13324683904647827,0.42098742723464966,0.2750056982040405,0.7244960069656372,0.35573384165763855,0.5705991387367249,0.6644118428230286,0.8417773842811584,1.0,0.7949384450912476,0.7923142910003662,0.780298113822937,0.7615271806716919,0.8106992840766907,0.7765124440193176,0.7670127749443054,0.8286921381950378,0.7914383411407471,0.7982176542282104
68,100.002197265625,34,0.013948127627372742,0.1339859664440155,0.42367789149284363,0.27553728222846985,0.7274278402328491,0.35425660014152527,0.5686562657356262,0.6636642217636108,0.8388455510139465,1.0,0.7949384450912476,0.7923142910003662,0.780298113822937,0.7615271806716919,0.8106992840766907,0.7765124440193176,0.7670127749443054,0.8286921381950378,0.7914383411407471,0.7982176542282104
69,100.00186920166016,34,0.014154646545648575,0.13472509384155273,0.4263683557510376,0.27606886625289917,0.730359673500061,0.352779358625412,0.5667133927345276,0.6629166007041931,0.8359137177467346,1.0,0.7949384450912476,0.7923142910003662,0.780298113822937,0.7615271806716919,0.8106992840766907,0.7765124440193176,0.7670127749443054,0.8286921381950378,0.7914383411407471,0.7982176542282104
70,100.0015640258789,34,0.014361165463924408,0.13546422123908997,0.42905882000923157,0.2766004502773285,0.733291506767273,0.3513021171092987,0.564770519733429,0.6621689796447754,0.8329818844795227,1.0,0.7949384450912476,0.7923142910003662,0.780298113822937,0.7615271806716919,0.8106992840766907,0.7765124440193176,0.7670127749443054,0.8286921381950378,0.7914383411407471,0.7982176542282104
71,100.00123596191406,34,0.014567684382200241,0.1362033486366272,0.43174928426742554,0.2771320343017578,0.7362233400344849,0.3498248755931854,0.5628276467323303,0.6614213585853577,0.8300500512123108,1.0,0.7949384450912476,0.7923142910003662,0.780298113822937,0.7615271806716919,0.8106992840766907,0.7765124440193176,0.7670127749443054,0.8286921381950378,0.7914383411407471,0.7982176542282104
72,100.00093078613281,34,0.014774203300476074,0.13694249093532562,0.4344397485256195,0.27766361832618713,0.7391551733016968,0.34834763407707214,0.5608847737312317,0.6606737375259399,0.8271182179450989,1.0,0.7949384450912476,0.7923142910003662,0.780298113822937,0.7615271806716919,0.8106992840766907,0.7765124440193176,0.7670127749443054,0.8286921381950378,0.7914383411407471,0.7982176542282104
73,100.00061798095703,34,0.014980722218751907,0.13768163323402405,0.4371302127838135,0.27819520235061646,0.7420870065689087,0.34687039256095886,0.5589419007301331,0.6599261164665222,0.824186384677887,1.0,0.7949384450912476,0.7923142910003662,0.780298113822937,0.7615271806716919,0.8106992840766907,0.7765124440193176,0.7670127749443054,0.8286921381950378,0.7914383411407471,0.7982176542282104
74,100.00028991699219,34,0.015187242068350315,0.13842077553272247,0.43982067704200745,0.2787267863750458,0.7450188398361206,0.3453931510448456,0.5569990277290344,0.6591784954071045,0.821254551410675,1.0,0.7949384450912476,0.7923142910003662,0.780298113822937,0.7615271806716919,0.8106992840766907,0.7765124440193176,0.7670127749443054,0.8286921381950378,0.7914383411407471,0.7982176542282104
75,99.99996948242188,34,0.015393761917948723,0.1391599178314209,0.4425111413002014,0.2792583703994751,0.7479506731033325,0.3439159095287323,0.5550561547279358,0.6584308743476868,0.8183227181434631,1.0,0.7949384450912476,0.7923142910003662,0.780298113822937,0.7615271806716919,0.8106992840766907,0.7765124440193176,0.7670127749443054,0.8286921381950378,0.7914383411407471,0.7982176542282104
76,99.99964904785156,34,0.01560028176754713,0.13989906013011932,0.4452016055583954,0.2797899544239044,0.7508825063705444,0.342438668012619,0.5531132817268372,0.657683253288269,0.8153908848762512,1.0,0.7949384450912476,0.7923142910003662,0.780298113822937,0.7615271806716919,0.8106992840766907,0.7765124440193176,0.7670127749443054,0.8286921381950378,0.7914383411407471,0.7982176542282104
77,99.99932861328125,34,0.01580680161714554,0.14063820242881775,0.44789206981658936,0.28032153844833374,0.7538143396377563,0.34096142649650574,0.5511704087257385,0.6569356322288513,0.8124590516090393,1.0,0.7949384450912476,0.7923142910003662,0.780298113822937,0.7615271806716919,0.8106992840766907,0.7765124440193176,0.7670127749443054,0.8286921381950378,0.7914383411407471,0.7982176542282104
78,99.99900817871094,34,0.01601332239806652,0.14137734472751617,0.4505825340747833,0.28085312247276306,0.7567461729049683,0.33948415517807007,0.5492275357246399,0.6561880111694336,0.8095272183418274,1.0,0.7949384450912476,0.7923142910003662,0.780298113822937,0.7615271806716919,0.8106992840766907,0.7765124440193176,0.7670127749443054,0.8286921381950378,0.7914383411407471,0.7982176542282104
79,99.99869537353516,34,0.016219843178987503,0.1421164870262146,0.4532729983329773,0.28138473629951477,0.7596780061721802,0.3380068838596344,0.5472846627235413,0.6554403901100159,0.8065953850746155,1.0,0.7949384450912476,0.7923142910003662,0.780298113822937,0.7615271806716919,0.8106992840766907,0.7765124440193176,0.7670127749443054,0.8286921381950378,0.7914383411407471,0.7982176542282104
80,99.99838256835938,34,0.016426363959908485,0.14285562932491302,0.45596346259117126,0.2819163501262665,0.7626098394393921,0.33652961254119873,0.5453417897224426,0.6546927690505981,0.8036635518074036,1.0,0.7949384450912476,0.7923142910003662,0.780298113822937,0.7615271806716919,0.8106992840766907,0.7765124440193176,0.7670127749443054,0.8286921381950378,0.7914383411407471,0.7982176542282104
81,99.99806213378906,34,0.016632884740829468,0.14359477162361145,0.4586539566516876,0.2824479639530182,0.7655417323112488,0.33505234122276306,0.543398916721344,0.6539451479911804,0.8007316589355469,1.0,0.7949384450912476,0.7923142910003662,0.780298113822937,0.7615271806716919,0.8106992840766907,0.7765124440193176,0.7670127749443054,0.8286921381950378,0.7914383411407471,0.7982176542282104
82,99.99774932861328,34,0.01683940552175045,0.14433391392230988,0.461344450712204,0.2829795777797699,0.7684736251831055,0.3335750699043274,0.5414560437202454,0.6531975269317627,0.7977997660636902,1.0,0.7949384450912476,0.7923142910003662,0.780298113822937,0.7615271806716919,0.8106992840766907,0.7765124440193176,0.7670127749443054,0.8286921381950378,0.7914383411407471,0.7982176542282104
83,99.99742889404297,34,0.01704592816531658,0.1450730562210083,0.46403494477272034,0.2835111916065216,0.7714055776596069,0.3320977985858917,0.5395131707191467,0.652449905872345,0.7948678135871887,1.0,0.7949384450912476,0.7923142910003662,0.780298113822937,0.7615271806716919,0.8106992840766907,0.7765124440193176,0.7670127749443054,0.8286921381950378,0.7914383411407471,0.7982176542282104
84,99.99711608886719,34,0.017252450808882713,0.14581219851970673,0.4667254686355591,0.2840428054332733,0.774337649345398,0.33062049746513367,0.5375702977180481,0.6517022848129272,0.7919357419013977,1.0,0.7949384450912476,0.7923142910003662,0.780298113822937,0.7615271806716919,0.8106992840766907,0.7765124440193176,0.7670127749443054,0.8286921381950378,0.7914383411407471,0.7982176542282104
85,99.99679565429688,34,0.017458975315093994,0.14655135571956635,0.4694159924983978,0.284574419260025,0.7772698998451233,0.3291431963443756,0.5356273651123047,0.6509546637535095,0.7890034914016724,1.0,0.7949384450912476,0.7923142910003662,0.780298113822937,0.7615271806716919,0.8106992840766907,0.7765124440193176,0.7670127749443054,0.8286921381950378,0.7914383411407471,0.7982176542282104
86,99.99647521972656,34,0.017665501683950424,0.14729051291942596,0.47210654616355896,0.2851060628890991,0.7802026867866516,0.32766586542129517,0.5336844325065613,0.6502070426940918,0.786070704460144,1.0,0.7949384450912476,0.7923142910003662,0.780298113822937,0.7615271806716919,0.8106992840766907,0.7765124440193176,0.7670127749443054,0.8286921381950378,0.7914383411407471,0.7982176542282104
87,99.99614715576172,32,0.017872033640742302,0.14802969992160797,0.47479718923568726,0.2856377363204956,0.7831385135650635,0.32618850469589233,0.5317414402961731,0.6494593620300293,0.7831348776817322,1.0,0.7949384450912476,0.7923142910003662,0.780298113822937,0.7615271806716919,0.8106992840766907,0.7765124440193176,0.7670127749443054,0.7914383411407471,0.8286921381950378,0.7982176542282104
88,99.99382781982422,32,0.018178334459662437,0.14912594854831696,0.4787876307964325,0.28642627596855164,0.7831385135650635,0.3239974081516266,0.5288597941398621,0.6483505368232727,0.7831348776817322,1.0,0.7949384450912476,0.7923142910003662,0.780298113822937,0.7615271806716919,0.8106992840766907,0.7765124440193176,0.7670127749443054,0.7914383411407471,0.8286921381950378,0.7982176542282104
89,99.9935073852539,32,0.018484635278582573,0.15022219717502594,0.4827781319618225,0.28721481561660767,0.7831385135650635,0.32180631160736084,0.525978147983551,0.6472417116165161,0.7831348776817322,1.0,0.7949384450912476,0.7923142910003662,0.780298113822937,0.7615271806716919,0.8106992840766907,0.7765124440193176,0.7670127749443054,0.7914383411407471,0.8286921381950378,0.7982176542282104
90,99.99317932128906,32,0.01879093609750271,0.15131846070289612,0.4867686629295349,0.28800341486930847,0.7831385135650635,0.3196151554584503,0.5230964422225952,0.6461328864097595,0.7831348776817322,1.0,0.7949384450912476,0.7923142910003662,0.780298113822937,0.7615271806716919,0.8106992840766907,0.7765124440193176,0.7670127749443054,0.7914383411407471,0.8286921381950378,0.7982176542282104
91,99.99285888671875,32,0.019097238779067993,0.1524147242307663,0.49075931310653687,0.28879204392433167,0.7831385135650635,0.3174239695072174,0.5202146172523499,0.6450240612030029,0.7831348776817322,1.0,0.7949384450912476,0.7923142910003662,0.780298113822937,0.7615271806716919,0.8106992840766907,0.7765124440193176,0.7670127749443054,0.7914383411407471,0.8286921381950378,0.7982176542282104
92,99.99253845214844,32,0.019403541460633278,0.15351098775863647,0.49475011229515076,0.28958073258399963,0.7831385135650635,0.3152327239513397,0.5173326134681702,0.6439152359962463,0.7831348776817322,1.0,0.7949384450912476,0.7923142910003662,0.780298113822937,0.7615271806716919,0.8106992840766907,0.7765124440193176,0.7670127749443054,0.7914383411407471,0.8286921381950378,0.7982176542282104
93,99.99221801757812,32,0.019709846004843712,0.15460726618766785,0.4987412691116333,0.2903694808483124,0.7831385135650635,0.3130413889884949,0.5144503116607666,0.6428064107894897,0.7831348776817322,1.0,0.7949384450912476,0.7923142910003662,0.780298113822937,0.7615271806716919,0.8106992840766907,0.7765124440193176,0.7670127749443054,0.7914383411407471,0.8286921381950378,0.7982176542282104
94,99.99189758300781,32,0.020016154274344444,0.1557035595178604,0.5027333498001099,0.2911583483219147,0.7831385135650635,0.3108499348163605,0.5115671157836914,0.6416975855827332,0.7831348776817322,1.0,0.7949384450912476,0.7923142910003662,0.780298113822937,0.7615271806716919,0.8106992840766907,0.7765124440193176,0.7670127749443054,0.7914383411407471,0.8286921381950378,0.7982176542282104
95,99.99156951904297,32,0.020322469994425774,0.15679986774921417,0.506729006767273,0.2919473946094513,0.7831385135650635,0.308658242225647,0.5086803436279297,0.6405887007713318,0.7831348776817322,1.0,0.7949384450912476,0.7923142910003662,0.780298113822937,0.7615271806716919,0.8106992840766907,0.7765124440193176,0.7670127749443054,0.7914383411407471,0.8286921381950378,0.7982176542282104
96,99.99124908447266,30,0.02062884345650673,0.15789638459682465,0.5108277201652527,0.29273685812950134,0.7831385135650635,0.30646589398384094,0.5056906938552856,0.6394796371459961,0.7831348776817322,1.0,0.7949384450912476,0.7923142910003662,0.780298113822937,0.7615271806716919,0.7765124440193176,0.8106992840766907,0.7670127749443054,0.7914383411407471,0.8286921381950378,0.7982176542282104
97,99.99620056152344,30,0.020935146138072014,0.15899264812469482,0.5159269571304321,0.2935258448123932,0.7831385135650635,0.3042743504047394,0.5056906938552856,0.6343804001808167,0.7831348776817322,1.0,0.7949384450912476,0.7923142910003662,0.780298113822937,0.7615271806716919,0.7765124440193176,0.8106992840766907,0.7670127749443054,0.7914383411407471,0.8286921381950378,0.7982176542282104
98,99.99561309814453,30,0.0212414488196373,0.160088911652565,0.5210261940956116,0.2943153381347656,0.7831385135650635,0.3020823001861572,0.5056906938552856,0.6292811632156372,0.7831348776817322,1.0,0.7949384450912476,0.7923142910003662,0.780298113822937,0.7615271806716919,0.7765124440193176,0.8106992840766907,0.7670127749443054,0.7914383411407471,0.8286921381950378,0.7982176542282104
99,99.99502563476562,30,0.021547755226492882,0.16118519008159637,0.5261254906654358,0.29510602355003357,0.7831385135650635,0.2998890280723572,0.5056906938552856,0.624181866645813,0.7831348776817322,1.0,0.7949384450912476,0.7923142910003662,0.780298113822937,0.7615271806716919,0.7765124440193176,0.8106992840766907,0.7670127749443054,0.7914383411407471,0.8286921381950378,0.7982176542282104
100,99.99443817138672,30,0.021854069083929062,0.16228149831295013,0.5312249064445496,0.2959011197090149,0.7831385135650635,0.29769131541252136,0.5056906938552856,0.6190824508666992,0.7831348776817322,1.0,0.7949384450912476,0.7923142910003662,0.780298113822937,0.7615271806716919,0.7765124440193176,0.8106992840766907,0.7670127749443054,0.7914383411407471,0.8286921381950378,0.7982176542282104
101,99.99385833740234,28,0.02216041274368763,0.16337791085243225,0.5363248586654663,0.29674214124679565,0.7831385135650635,0.29544752836227417,0.5056906938552856,0.6139824986457825,0.7831348776817322,1.0,0.7949384450912476,0.7923142910003662,0.7615271806716919,0.780298113822937,0.7765124440193176,0.8106992840766907,0.7670127749443054,0.7914383411407471,0.8286921381950378,0.7982176542282104
102,99.99723052978516,28,0.022452374920248985,0.16651128232479095,0.5411853790283203,0.29716333746910095,0.7831385135650635,0.2920221984386444,0.5052695274353027,0.6091219782829285,0.7831348776817322,1.0,0.7949384450912476,0.7923142910003662,0.7615271806716919,0.780298113822937,0.7765124440193176,0.8106992840766907,0.7670127749443054,0.7914383411407471,0.8286921381950378,0.7982176542282104
103,99.99653625488281,28,0.02274433709681034,0.16964466869831085,0.5460458993911743,0.29758453369140625,0.7831385135650635,0.28859683871269226,0.5048483610153198,0.6042614579200745,0.7831348776817322,1.0,0.7949384450912476,0.7923142910003662,0.7615271806716919,0.780298113822937,0.7765124440193176,0.8106992840766907,0.7670127749443054,0.7914383411407471,0.8286921381950378,0.7982176542282104
104,99.99584197998047,28,0.023036301136016846,0.17277806997299194,0.5509064793586731,0.29800572991371155,0.7831385135650635,0.2851714789867401,0.5044271945953369,0.5994008779525757,0.7831348776817322,1.0,0.7949384450912476,0.7923142910003662,0.7615271806716919,0.780298113822937,0.7765124440193176,0.8106992840766907,0.7670127749443054,0.7914383411407471,0.8286921381950378,0.7982176542282104
105,99.99515533447266,28,0.02332826517522335,0.17591147124767303,0.5557671189308167,0.29842692613601685,0.7831385135650635,0.28174611926078796,0.504006028175354,0.5945402383804321,0.7831348776817322,1.0,0.7949384450912476,0.7923142910003662,0.7615271806716919,0.780298113822937,0.7765124440193176,0.8106992840766907,0.7670127749443054,0.7914383411407471,0.8286921381950378,0.7982176542282104
106,99.99445343017578,28,0.023620231077075005,0.17904488742351532,0.5606278777122498,0.29884812235832214,0.7831385135650635,0.2783207297325134,0.5035848617553711,0.589679479598999,0.7831348776817322,1.0,0.7949384450912476,0.7923142910003662,0.7615271806716919,0.780298113822937,0.7765124440193176,0.8106992840766907,0.7670127749443054,0.7914383411407471,0.8286921381950378,0.7982176542282104
107,99.99376678466797,28,0.02391219697892666,0.1821783185005188,0.565488874912262,0.29926931858062744,0.7831385135650635,0.2748953402042389,0.5031636357307434,0.5848184823989868,0.7831348776817322,1.0,0.7949384450912476,0.7923142910003662,0.7615271806716919,0.780298113822937,0.7765124440193176,0.8106992840766907,0.7670127749443054,0.7914383411407471,0.8286921381950378,0.7982176542282104
108,99.99307250976562,28,0.02420416660606861,0.18531179428100586,0.5703505277633667,0.29969051480293274,0.7831385135650635,0.2714698910713196,0.5027424097061157,0.5799568295478821,0.7831348776817322,1.0,0.7949384450912476,0.7923142910003662,0.7615271806716919,0.780298113822937,0.7765124440193176,0.8106992840766907,0.7670127749443054,0.7914383411407471,0.8286921381950378,0.7982176542282104
109,99.99238586425781,26,0.02449614554643631,0.18844537436962128,0.5752159953117371,0.3001117408275604,0.7831385135650635,0.2680443227291107,0.502321183681488,0.5750913619995117,0.7831348776817322,1.0,0.7949384450912476,0.7923142910003662,0.7615271806716919,0.780298113822937,0.7765124440193176,0.7670127749443054,0.8106992840766907,0.7914383411407471,0.8286921381950378,0.7982176542282104
110,99.9869613647461,26,0.02500181272625923,0.1938723623752594,0.5752159953117371,0.30084121227264404,0.7831385135650635,0.2621116638183594,0.5034223198890686,0.5732607841491699,0.7831348776817322,1.0,0.7949384450912476,0.7923142910003662,0.7615271806716919,0.780298113822937,0.7765124440193176,0.7670127749443054,0.8106992840766907,0.7914383411407471,0.8286921381950378,0.7982176542282104
111,99.98625946044922,26,0.025507479906082153,0.1992994248867035,0.5752159953117371,0.30157068371772766,0.7831385135650635,0.25617891550064087,0.5045234560966492,0.5714302062988281,0.7831348776817322,1.0,0.7949384450912476,0.7923142910003662,0.7615271806716919,0.780298113822937,0.7765124440193176,0.7670127749443054,0.8106992840766907,0.7914383411407471,0.8286921381950378,0.7982176542282104
112,99.98554229736328,26,0.026013148948550224,0.20472662150859833,0.5752159953117371,0.30230018496513367,0.7831385135650635,0.2502460479736328,0.5056245923042297,0.5695995688438416,0.7831348776817322,1.0,0.7949384450912476,0.7923142910003662,0.7615271806716919,0.780298113822937,0.7765124440193176,0.7670127749443054,0.8106992840766907,0.7914383411407471,0.8286921381950378,0.7982176542282104
113,99.98485565185547,26,0.026518817991018295,0.21015404164791107,0.5752159953117371,0.3030296862125397,0.7831385135650635,0.24431295692920685,0.5067257285118103,0.567768931388855,0.7831348776817322,1.0,0.7949384450912476,0.7923142910003662,0.7615271806716919,0.780298113822937,0.7765124440193176,0.7670127749443054,0.8106992840766907,0.7914383411407471,0.8286921381950378,0.7982176542282104
114,99.9841537475586,26,0.027024490758776665,0.2155819535255432,0.5752159953117371,0.3037591874599457,0.7831385135650635,0.2383793741464615,0.5078268647193909,0.5659382939338684,0.7831348776817322,1.0,0.7949384450912476,0.7923142910003662,0.7615271806716919,0.780298113822937,0.7765124440193176,0.7670127749443054,0.8106992840766907,0.7914383411407471,0.8286921381950378,0.7982176542282104
115,99.98344421386719,26,0.027530169114470482,0.22101128101348877,0.5752159953117371,0.3044886887073517,0.7831385135650635,0.2324443757534027,0.5089280605316162,0.5641075968742371,0.7831348776817322,1.0,0.7949384450912476,0.7923142910003662,0.7615271806716919,0.780298113822937,0.7765124440193176,0.7670127749443054,0.8106992840766907,0.7914383411407471,0.8286921381950378,0.7982176542282104
116,99.98274993896484,26,0.028035864233970642,0.22644822299480438,0.5752159953117371,0.3052182197570801,0.7831385135650635,0.2265017330646515,0.5100292563438416,0.5622768402099609,0.7831348776817322,1.0,0.7949384450912476,0.7923142910003662,0.7615271806716919,0.780298113822937,0.7765124440193176,0.7670127749443054,0.8106992840766907,0.7914383411407471,0.8286921381950378,0.7982176542282104
117,99.98181915283203,20,0.028548087924718857,0.6393171548843384,0.5752159953117371,0.305957168340683,0.7831385135650635,0.0,0.5111446976661682,0.560422420501709,0.7831348776817322,1.0,0.7615271806716919,0.7949384450912476,0.780298113822937,0.7765124440193176,0.7670127749443054,0.8106992840766907,0.7923142910003662,0.7914383411407471,0.8286921381950378,0.7982176542282104
118,99.99102020263672,20,0.03139272332191467,0.6357448697090149,0.5787882804870605,0.3038480877876282,0.7831385135650635,5.5879359299459974e-12,0.5122550129890442,0.5585765838623047,0.7831348776817322,1.0,0.7615271806716919,0.7949384450912476,0.780298113822937,0.7765124440193176,0.7670127749443054,0.8106992840766907,0.7923142910003662,0.7914383411407471,0.8286921381950378,0.7982176542282104
119,99.99058532714844,20,0.03423735126852989,0.6321725249290466,0.5823606252670288,0.30173903703689575,0.7831385135650635,5.5879359299459974e-12,0.5133653283119202,0.5567306876182556,0.7831348776817322,1.0,0.7615271806716919,0.7949384450912476,0.780298113822937,0.7765124440193176,0.7670127749443054,0.8106992840766907,0.7923142910003662,0.7914383411407471,0.8286921381950378,0.7982176542282104
120,99.99016571044922,20,0.037081971764564514,0.6286001205444336,0.5859330296516418,0.29962998628616333,0.7831385135650635,5.5879359299459974e-12,0.5144756436347961,0.5548847913742065,0.7831348776817322,1.0,0.7615271806716919,0.7949384450912476,0.780298113822937,0.7765124440193176,0.7670127749443054,0.8106992840766907,0.7923142910003662,0.7914383411407471,0.8286921381950378,0.7982176542282104
121,99.98973846435547,20,0.03992659971117973,0.6250276565551758,0.5895054936408997,0.2975209355354309,0.7831385135650635,0.0,0.5155860185623169,0.5530388355255127,0.7831348776817322,1.0,0.7615271806716919,0.7949384450912476,0.780298113822937,0.7765124440193176,0.7670127749443054,0.8106992840766907,0.7923142910003662,0.7914383411407471,0.8286921381950378,0.7982176542282104
122,99.98930358886719,20,0.04277123510837555,0.6214550733566284,0.593078076839447,0.2954118549823761,0.7831385135650635,3.725290475403709e-12,0.5166964530944824,0.5511928796768188,0.7831348776817322,1.0,0.7615271806716919,0.7949384450912476,0.780298113822937,0.7765124440193176,0.7670127749443054,0.8106992840766907,0.7923142910003662,0.7914383411407471,0.8286921381950378,0.7982176542282104
123,99.98888397216797,20,0.04561588168144226,0.617882251739502,0.5966508984565735,0.2933027744293213,0.7831385135650635,7.450580950807417e-12,0.517806887626648,0.5493468642234802,0.7831348776817322,1.0,0.7615271806716919,0.7949384450912476,0.780298113822937,0.7765124440193176,0.7670127749443054,0.8106992840766907,0.7923142910003662,0.7914383411407471,0.8286921381950378,0.7982176542282104
124,99.98844909667969,20,0.04846055060625076,0.6143088936805725,0.6002242565155029,0.2911936938762665,0.7831385135650635,0.0,0.5189173817634583,0.5475007891654968,0.7831348776817322,1.0,0.7615271806716919,0.7949384450912476,0.780298113822937,0.7765124440193176,0.7670127749443054,0.8106992840766907,0.7923142910003662,0.7914383411407471,0.8286921381950378,0.7982176542282104
125,99.98802185058594,20,0.05130524933338165,0.6107340455055237,0.6037991046905518,0.2890845835208893,0.7831385135650635,1.1175871859891995e-11,0.5200279355049133,0.5456546545028687,0.7831348776817322,1.0,0.7615271806716919,0.7949384450912476,0.780298113822937,0.7765124440193176,0.7670127749443054,0.8106992840766907,0.7923142910003662,0.7914383411407471,0.8286921381950378,0.7982176542282104
126,99.98759460449219,18,0.05415003374218941,0.6071507930755615,0.6073823571205139,0.2869754135608673,0.7831385135650635,3.725290909084578e-12,0.5211386680603027,0.5438083410263062,0.7831348776817322,1.0,0.7615271806716919,0.7949384450912476,0.780298113822937,0.7765124440193176,0.7670127749443054,0.7923142910003662,0.8106992840766907,0.7914383411407471,0.8286921381950378,0.7982176542282104
127,99.97872924804688,18,0.058866798877716064,0.6071507930755615,0.6073823571205139,0.283478319644928,0.7831385135650635,4.09781965304834e-11,0.5229810476303101,0.54074627161026,0.7831348776817322,1.0,0.7615271806716919,0.7949384450912476,0.780298113822937,0.7765124440193176,0.7670127749443054,0.7923142910003662,0.8106992840766907,0.7914383411407471,0.8286921381950378,0.7982176542282104
128,99.97826385498047,18,0.06358359009027481,0.6071507930755615,0.6073823571205139,0.27998119592666626,0.7831385135650635,5.587935669737476e-11,0.5248244404792786,0.5376832485198975,0.7831348776817322,1.0,0.7615271806716919,0.7949384450912476,0.780298113822937,0.7765124440193176,0.7670127749443054,0.7923142910003662,0.8106992840766907,0.7914383411407471,0.8286921381950378,0.7982176542282104
129,99.97779083251953,18,0.06830042600631714,0.6071507930755615,0.6073823571205139,0.27648404240608215,0.7831385135650635,5.587935669737476e-11,0.5266701579093933,0.5346178412437439,0.7831348776817322,1.0,0.7615271806716919,0.7949384450912476,0.780298113822937,0.7765124440193176,0.7670127749443054,0.7923142910003662,0.8106992840766907,0.7914383411407471,0.8286921381950378,0.7982176542282104
130,99.9773178100586,18,0.07301734387874603,0.6071507930755615,0.6073823571205139,0.27298682928085327,0.7831385135650635,7.823110215188223e-11,0.5285240411758423,0.5315442681312561,0.7831348776817322,1.0,0.7615271806716919,0.7949384450912476,0.780298113822937,0.7765124440193176,0.7670127749443054,0.7923142910003662,0.8106992840766907,0.7914383411407471,0.8286921381950378,0.7982176542282104
131,99.97683715820312,18,0.07773460447788239,0.6071507930755615,0.6073823571205139,0.2694893479347229,0.7831385135650635,0.0,0.53045654296875,0.52839195728302,0.7831348776817322,1.0,0.7615271806716919,0.7949384450912476,0.780298113822937,0.7670127749443054,0.7765124440193176,0.7923142910003662,0.8106992840766907,0.7914383411407471,0.8286921381950378,0.7982176542282104
132,99.98432922363281,18,0.08245129883289337,0.6071507930755615,0.6073823571205139,0.2690528333187103,0.7831385135650635,0.0,0.53045654296875,0.524111807346344,0.7831348776817322,1.0,0.7615271806716919,0.7949384450912476,0.780298113822937,0.7670127749443054,0.7765124440193176,0.7923142910003662,0.8106992840766907,0.7914383411407471,0.8286921381950378,0.7982176542282104
133,99.98391723632812,18,0.08716799318790436,0.6071507930755615,0.6073823571205139,0.26861631870269775,0.7831385135650635,0.0,0.53045654296875,0.519831657409668,0.7831348776817322,1.0,0.7615271806716919,0.7949384450912476,0.780298113822937,0.7670127749443054,0.7765124440193176,0.7923142910003662,0.8106992840766907,0.7914383411407471,0.8286921381950378,0.7982176542282104
134,99.98351287841797,18,0.09188468754291534,0.6071507930755615,0.6073823571205139,0.2681798040866852,0.7831385135650635,0.0,0.53045654296875,0.5155515074729919,0.7831348776817322,1.0,0.7615271806716919,0.7949384450912476,0.780298113822937,0.7670127749443054,0.7765124440193176,0.7923142910003662,0.8106992840766907,0.7914383411407471,0.8286921381950378,0.7982176542282104
135,99.98310089111328,18,0.09660139679908752,0.6071507930755615,0.6073823571205139,0.2677432596683502,0.7831385135650635,0.0,0.53045654296875,0.5112713575363159,0.7831348776817322,1.0,0.7615271806716919,0.7949384450912476,0.780298113822937,0.7670127749443054,0.7765124440193176,0.7923142910003662,0.8106992840766907,0.7914383411407471,0.8286921381950378,0.7982176542282104
136,99.98269653320312,18,0.1013181135058403,0.6071507930755615,0.6073823571205139,0.26730671525001526,0.7831385135650635,7.450580950807417e-12,0.53045654296875,0.5069912075996399,0.7831348776817322,1.0,0.7615271806716919,0.7949384450912476,0.780298113822937,0.7670127749443054,0.7765124440193176,0.7923142910003662,0.8106992840766907,0.7914383411407471,0.8286921381950378,0.7982176542282104
137,99.98229217529297,18,0.10603483021259308,0.6071507930755615,0.6073823571205139,0.2668701708316803,0.7831385135650635,0.0,0.53045654296875,0.5027110576629639,0.7831348776817322,1.0,0.7615271806716919,0.7949384450912476,0.780298113822937,0.7670127749443054,0.7765124440193176,0.7923142910003662,0.8106992840766907,0.7914383411407471,0.8286921381950378,0.7982176542282104
138,99.98188018798828,18,0.11075156182050705,0.6071507930755615,0.6073823571205139,0.26643359661102295,0.7831385135650635,0.0,0.53045654296875,0.49843090772628784,0.7831348776817322,1.0,0.7615271806716919,0.7949384450912476,0.780298113822937,0.7670127749443054,0.7765124440193176,0.7923142910003662,0.8106992840766907,0.7914383411407471,0.8286921381950378,0.7982176542282104
139,99.98147583007812,18,0.11546830087900162,0.6071507930755615,0.6073823571205139,0.2659970223903656,0.7831385135650635,7.450580950807417e-12,0.53045654296875,0.4941507577896118,0.7831348776817322,1.0,0.7615271806716919,0.7949384450912476,0.780298113822937,0.7670127749443054,0.7765124440193176,0.7923142910003662,0.8106992840766907,0.7914383411407471,0.8286921381950378,0.7982176542282104
140,99.98107147216797,18,0.12018504738807678,0.6071507930755615,0.6073823571205139,0.26556044816970825,0.7831385135650635,0.0,0.53045654296875,0.4898706078529358,0.7831348776817322,1.0,0.7615271806716919,0.7949384450912476,0.780298113822937,0.7670127749443054,0.7765124440193176,0.7923142910003662,0.8106992840766907,0.7914383411407471,0.8286921381950378,0.7982176542282104
141,99.98065948486328,18,0.12490180134773254,0.6071507930755615,0.6073823571205139,0.2651238441467285,0.7831385135650635,0.0,0.53045654296875,0.48559045791625977,0.7831348776817322,1.0,0.7615271806716919,0.7949384450912476,0.780298113822937,0.7670127749443054,0.7765124440193176,0.7923142910003662,0.8106992840766907,0.7914383411407471,0.8286921381950378,0.7982176542282104
142,99.98025512695312,18,0.1296185553073883,0.6071507930755615,0.6073823571205139,0.2646872401237488,0.7831385135650635,0.0,0.53045654296875,0.48131030797958374,0.7831348776817322,1.0,0.7615271806716919,0.7949384450912476,0.780298113822937,0.7670127749443054,0.7765124440193176,0.7923142910003662,0.8106992840766907,0.7914383411407471,0.8286921381950378,0.7982176542282104
143,99.97984313964844,18,0.13433532416820526,0.6071507930755615,0.6073823571205139,0.26425063610076904,0.7831385135650635,0.0,0.53045654296875,0.4770301282405853,0.7831348776817322,1.0,0.7615271806716919,0.7949384450912476,0.780298113822937,0.7670127749443054,0.7765124440193176,0.7923142910003662,0.8106992840766907,0.7914383411407471,0.8286921381950378,0.7982176542282104
144,99.97943878173828,18,0.13905209302902222,0.6071507930755615,0.6073823571205139,0.2638140320777893,0.7831385135650635,0.0,0.53045654296875,0.4727499485015869,0.7831348776817322,1.0,0.7615271806716919,0.7949384450912476,0.780298113822937,0.7670127749443054,0.7765124440193176,0.7923142910003662,0.8106992840766907,0.7914383411407471,0.8286921381950378,0.7982176542282104
145,99.97903442382812,18,0.14376887679100037,0.6071507930755615,0.6073823571205139,0.26337742805480957,0.7831385135650635,0.0,0.53045654296875,0.4684697687625885,0.7831348776817322,1.0,0.7615271806716919,0.7949384450912476,0.780298113822937,0.7670127749443054,0.7765124440193176,0.7923142910003662,0.8106992840766907,0.7914383411407471,0.8286921381950378,0.7982176542282104
146,99.97862243652344,18,0.1484856754541397,0.6071507930755615,0.6073823571205139,0.26294079422950745,0.7831385135650635,7.450580950807417e-12,0.53045654296875,0.4641895890235901,0.7831348776817322,1.0,0.7615271806716919,0.7949384450912476,0.780298113822937,0.7670127749443054,0.7765124440193176,0.7923142910003662,0.8106992840766907,0.7914383411407471,0.8286921381950378,0.7982176542282104
147,99.97821807861328,18,0.15320247411727905,0.6071507930755615,0.6073823571205139,0.2625041604042053,0.7831385135650635,1.4901161901614834e-11,0.53045654296875,0.4599094092845917,0.7831348776817322,1.0,0.7615271806716919,0.7949384450912476,0.780298113822937,0.7670127749443054,0.7765124440193176,0.7923142910003662,0.8106992840766907,0.7914383411407471,0.8286921381950378,0.7982176542282104
148,99.9778060913086,18,0.1579192876815796,0.6071507930755615,0.6073823571205139,0.2620675265789032,0.7831385135650635,7.450580950807417e-12,0.53045654296875,0.45562922954559326,0.7831348776817322,1.0,0.7615271806716919,0.7949384450912476,0.780298113822937,0.7670127749443054,0.7765124440193176,0.7923142910003662,0.8106992840766907,0.7914383411407471,0.8286921381950378,0.7982176542282104
149,99.97740173339844,18,0.16263611614704132,0.6071507930755615,0.6073823571205139,0.2616308629512787,0.7831385135650635,7.450580950807417e-12,0.53045654296875,0.45134904980659485,0.7831348776817322,1.0,0.7615271806716919,0.7949384450912476,0.780298113822937,0.7670127749443054,0.7765124440193176,0.7923142910003662,0.8106992840766907,0.7914383411407471,0.8286921381950378,0.7982176542282104
150,99.97698974609375,18,0.16735297441482544,0.6071507930755615,0.6073823571205139,0.2611941993236542,0.7831385135650635,7.450580950807417e-12,0.53045654296875,0.44706887006759644,0.7831348776817322,1.0,0.7615271806716919,0.7949384450912476,0.780298113822937,0.7670127749443054,0.7765124440193176,0.7923142910003662,0.8106992840766907,0.7914383411407471,0.8286921381950378,0.7982176542282104
151,99.97657775878906,18,0.17206984758377075,0.6071507930755615,0.6073823571205139,0.2607575058937073,0.7831385135650635,0.0,0.53045654296875,0.442788690328598,0.7831348776817322,1.0,0.7615271806716919,0.7949384450912476,0.780298113822937,0.7670127749443054,0.7765124440193176,0.7923142910003662,0.8106992840766907,0.7914383411407471,0.8286921381950378,0.7982176542282104
152,99.9761734008789,18,0.17678672075271606,0.6071507930755615,0.6073823571205139,0.26032084226608276,0.7831385135650635,0.0,0.53045654296875,0.4385084807872772,0.7831348776817322,1.0,0.7615271806716919,0.7949384450912476,0.780298113822937,0.7670127749443054,0.7765124440193176,0.7923142910003662,0.8106992840766907,0.7914383411407471,0.8286921381950378,0.7982176542282104
153,99.97576904296875,18,0.18150363862514496,0.6071507930755615,0.6073823571205139,0.25988414883613586,0.7831385135650635,1.4901161901614834e-11,0.53045654296875,0.4342282712459564,0.7831348776817322,1.0,0.7615271806716919,0.7949384450912476,0.780298113822937,0.7670127749443054,0.7765124440193176,0.7923142910003662,0.8106992840766907,0.7914383411407471,0.8286921381950378,0.7982176542282104
154,99.97535705566406,18,0.18622058629989624,0.6071507930755615,0.6073823571205139,0.2594474256038666,0.7831385135650635,2.980232380322967e-11,0.53045654296875,0.4299480617046356,0.7831348776817322,1.0,0.7615271806716919,0.7949384450912476,0.780298113822937,0.7670127749443054,0.7765124440193176,0.7923142910003662,0.8106992840766907,0.7914383411407471,0.8286921381950378,0.7982176542282104
155,99.9749526977539,18,0.1909375786781311,0.6071507930755615,0.6073823571205139,0.2590106427669525,0.7831385135650635,1.4901161901614834e-11,0.53045654296875,0.4256678521633148,0.7831348776817322,1.0,0.7615271806716919,0.7949384450912476,0.780298113822937,0.7670127749443054,0.7765124440193176,0.7923142910003662,0.8106992840766907,0.7914383411407471,0.8286921381950378,0.7982176542282104
156,99.97454071044922,18,0.19565461575984955,0.6071507930755615,0.6073823571205139,0.25857383012771606,0.7831385135650635,2.980232380322967e-11,0.53045654296875,0.421387642621994,0.7831348776817322,1.0,0.7615271806716919,0.7949384450912476,0.780298113822937,0.7670127749443054,0.7765124440193176,0.7923142910003662,0.8106992840766907,0.7914383411407471,0.8286921381950378,0.7982176542282104
157,99.97413635253906,18,0.20037172734737396,0.6071507930755615,0.6073823571205139,0.25813692808151245,0.7831385135650635,1.4901161901614834e-11,0.53045654296875,0.4171074330806732,0.7831348776817322,1.0,0.7615271806716919,0.7949384450912476,0.780298113822937,0.7670127749443054,0.7765124440193176,0.7923142910003662,0.8106992840766907,0.7914383411407471,0.8286921381950378,0.7982176542282104
158,99.9737319946289,18,0.20508892834186554,0.6071507930755615,0.6073823571205139,0.25769996643066406,0.7831385135650635,2.980232380322967e-11,0.53045654296875,0.4128272235393524,0.7831348776817322,1.0,0.7615271806716919,0.7949384450912476,0.780298113822937,0.7670127749443054,0.7765124440193176,0.7923142910003662,0.8106992840766907,0.7914383411407471,0.8286921381950378,0.7982176542282104
159,99.97332000732422,18,0.20980621874332428,0.6071507930755615,0.6073823571205139,0.2572629153728485,0.7831385135650635,0.0,0.53045654296875,0.40854698419570923,0.7831348776817322,1.0,0.7615271806716919,0.7949384450912476,0.780298113822937,0.7670127749443054,0.7765124440193176,0.7923142910003662,0.8106992840766907,0.7914383411407471,0.8286921381950378,0.7982176542282104
160,99.97291564941406,18,0.21452365815639496,0.6071507930755615,0.6073823571205139,0.256825715303421,0.7831385135650635,0.0,0.53045654296875,0.40426674485206604,0.7831348776817322,1.0,0.7615271806716919,0.7949384450912476,0.780298113822937,0.7670127749443054,0.7765124440193176,0.7923142910003662,0.8106992840766907,0.7914383411407471,0.8286921381950378,0.7982176542282104
161,99.9725112915039,18,0.21924130618572235,0.6071507930755615,0.6073823571205139,0.2563883066177368,0.7831385135650635,0.0,0.53045654296875,0.39998647570610046,0.7831348776817322,1.0,0.7615271806716919,0.7949384450912476,0.780298113822937,0.7670127749443054,0.7765124440193176,0.7923142910003662,0.8106992840766907,0.7914383411407471,0.8286921381950378,0.7982176542282104
162,99.97209930419922,18,0.22395925223827362,0.6071507930755615,0.6073823571205139,0.2559506595134735,0.7831385135650635,0.0,0.53045654296875,0.3957062065601349,0.7831348776817322,1.0,0.7615271806716919,0.7949384450912476,0.780298113822937,0.7670127749443054,0.7765124440193176,0.7923142910003662,0.8106992840766907,0.7914383411407471,0.8286921381950378,0.7982176542282104
163,99.97169494628906,18,0.2286776602268219,0.6071507930755615,0.6073823571205139,0.255512535572052,0.7831385135650635,5.960464760645934e-11,0.53045654296875,0.3914259076118469,0.7831348776817322,1.0,0.7615271806716919,0.7949384450912476,0.780298113822937,0.7670127749443054,0.7765124440193176,0.7923142910003662,0.8106992840766907,0.7914383411407471,0.8286921381950378,0.7982176542282104
164,99.97128295898438,18,0.23339679837226868,0.6071507930755615,0.6073823571205139,0.2550736963748932,0.7831385135650635,1.490116016689136e-11,0.53045654296875,0.38714560866355896,0.7831348776817322,1.0,0.7615271806716919,0.7949384450912476,0.780298113822937,0.7670127749443054,0.7765124440193176,0.7923142910003662,0.8106992840766907,0.7914383411407471,0.8286921381950378,0.7982176542282104
165,99.97087860107422,18,0.2381172776222229,0.6071507930755615,0.6073823571205139,0.2546335756778717,0.7831385135650635,2.980232033378272e-11,0.53045654296875,0.3828652799129486,0.7831348776817322,1.0,0.7615271806716919,0.7949384450912476,0.780298113822937,0.7670127749443054,0.7765124440193176,0.7923142910003662,0.8106992840766907,0.7914383411407471,0.8286921381950378,0.7982176542282104
166,99.97047424316406,18,0.24284051358699799,0.6071507930755615,0.6073823571205139,0.25419071316719055,0.7831385135650635,2.980232033378272e-11,0.53045654296875,0.3785848915576935,0.7831348776817322,1.0,0.7615271806716919,0.7949384450912476,0.780298113822937,0.7670127749443054,0.7765124440193176,0.7923142910003662,0.8106992840766907,0.7914383411407471,0.8286921381950378,0.7982176542282104
167,99.97006225585938,18,0.24757114052772522,0.6071507930755615,0.6073823571205139,0.2537405490875244,0.7831385135650635,1.490116086078075e-10,0.53045654296875,0.3743044435977936,0.7831348776817322,1.0,0.7615271806716919,0.7949384450912476,0.780298113822937,0.7670127749443054,0.7765124440193176,0.7923142910003662,0.8106992840766907,0.7914383411407471,0.8286921381950378,0.7982176542282104
168,99.96965789794922,18,0.25233525037765503,0.6071507930755615,0.6073823571205139,0.2532570958137512,0.7831385135650635,1.490116086078075e-10,0.53045654296875,0.37002378702163696,0.7831348776817322,1.0,0.7615271806716919,0.7949384450912476,0.780298113822937,0.7670127749443054,0.7765124440193176,0.7923142910003662,0.8106992840766907,0.7914383411407471,0.8286921381950378,0.7982176542282104
169,99.96922302246094,18,0.2591778337955475,0.6071507930755615,0.6073823571205139,0.2506972849369049,0.7831385135650635,0.0,0.53045654296875,0.3657408058643341,0.7831348776817322,1.0,0.7615271806716919,0.780298113822937,0.7949384450912476,0.7670127749443054,0.7765124440193176,0.7923142910003662,0.8106992840766907,0.7914383411407471,0.8286921381950378,0.7982176542282104
170,99.97379302978516,18,0.2681749761104584,0.6071507930755615,0.6073823571205139,0.2506972849369049,0.7831385135650635,0.0,0.53045654296875,0.3567436635494232,0.7831348776817322,1.0,0.7615271806716919,0.780298113822937,0.7949384450912476,0.7670127749443054,0.7765124440193176,0.7923142910003662,0.8106992840766907,0.7914383411407471,0.8286921381950378,0.7982176542282104
171,99.97216796875,18,0.2771722674369812,0.6071507930755615,0.6073823571205139,0.2506972849369049,0.7831385135650635,0.0,0.53045654296875,0.3477463722229004,0.7831348776817322,1.0,0.7615271806716919,0.780298113822937,0.7949384450912476,0.7670127749443054,0.7765124440193176,0.7923142910003662,0.8106992840766907,0.7914383411407471,0.8286921381950378,0.7982176542282104
172,99.97055053710938,18,0.2861698567867279,0.6071507930755615,0.6073823571205139,0.2506972849369049,0.7831385135650635,0.0,0.53045654296875,0.3387487828731537,0.7831348776817322,1.0,0.7615271806716919,0.780298113822937,0.7949384450912476,0.7670127749443054,0.7765124440193176,0.7923142910003662,0.8106992840766907,0.7914383411407471,0.8286921381950378,0.7982176542282104
173,99.96893310546875,18,0.29516810178756714,0.6071507930755615,0.6073823571205139,0.2506972849369049,0.7831385135650635,0.0,0.53045654296875,0.32975053787231445,0.7831348776817322,1.0,0.7615271806716919,0.780298113822937,0.7949384450912476,0.7670127749443054,0.7765124440193176,0.7923142910003662,0.8106992840766907,0.7914383411407471,0.8286921381950378,0.7982176542282104
174,99.96731567382812,18,0.3041682541370392,0.6071507930755615,0.6073823571205139,0.2506972849369049,0.7831385135650635,0.0,0.53045654296875,0.3207503855228424,0.7831348776817322,1.0,0.7615271806716919,0.780298113822937,0.7949384450912476,0.7670127749443054,0.7765124440193176,0.7923142910003662,0.8106992840766907,0.7914383411407471,0.8286921381950378,0.7982176542282104
175,99.96569061279297,16,0.3131796717643738,0.6071507930755615,0.6073823571205139,0.2506972849369049,0.7831385135650635,0.0,0.53045654296875,0.3117389678955078,0.7831348776817322,1.0,0.7615271806716919,0.780298113822937,0.7670127749443054,0.7949384450912476,0.7765124440193176,0.7923142910003662,0.8106992840766907,0.7914383411407471,0.8286921381950378,0.7982176542282104
176,99.98213958740234,16,0.3184075951576233,0.6071507930755615,0.6073823571205139,0.2544668912887573,0.7831385135650635,0.0,0.5252286195755005,0.3079693615436554,0.7831348776817322,1.0,0.7615271806716919,0.780298113822937,0.7670127749443054,0.7949384450912476,0.7765124440193176,0.7923142910003662,0.8106992840766907,0.7914383411407471,0.8286921381950378,0.7982176542282104
177,99.98130798339844,16,0.3236355185508728,0.6071507930755615,0.6073823571205139,0.2582365870475769,0.7831385135650635,0.0,0.520000696182251,0.3041996657848358,0.7831348776817322,1.0,0.7615271806716919,0.780298113822937,0.7670127749443054,0.7949384450912476,0.7765124440193176,0.7923142910003662,0.8106992840766907,0.7914383411407471,0.8286921381950378,0.7982176542282104
178,99.98047637939453,16,0.3288634717464447,0.6071507930755615,0.6073823571205139,0.26200640201568604,0.7831385135650635,0.0,0.5147727727890015,0.3004298508167267,0.7831348776817322,1.0,0.7615271806716919,0.780298113822937,0.7670127749443054,0.7949384450912476,0.7765124440193176,0.7923142910003662,0.8106992840766907,0.7914383411407471,0.8286921381950378,0.7982176542282104
179,99.97965240478516,16,0.3340914249420166,0.6071507930755615,0.6073823571205139,0.26577645540237427,0.7831385135650635,0.0,0.509544849395752,0.29665979743003845,0.7831348776817322,1.0,0.7615271806716919,0.780298113822937,0.7670127749443054,0.7949384450912476,0.7765124440193176,0.7923142910003662,0.8106992840766907,0.7914383411407471,0.8286921381950378,0.7982176542282104
180,99.97881317138672,16,0.3393194079399109,0.6071507930755615,0.6073823571205139,0.26954689621925354,0.7831385135650635,0.0,0.5043168663978577,0.2928893566131592,0.7831348776817322,1.0,0.7615271806716919,0.780298113822937,0.7670127749443054,0.7949384450912476,0.7765124440193176,0.7923142910003662,0.8106992840766907,0.7914383411407471,0.8286921381950378,0.7982176542282104
181,99.97798156738281,16,0.34454742074012756,0.6071507930755615,0.6073823571205139,0.27331823110580444,0.7831385135650635,0.0,0.499088853597641,0.2891180217266083,0.7831348776817322,1.0,0.7615271806716919,0.780298113822937,0.7670127749443054,0.7949384450912476,0.7765124440193176,0.7923142910003662,0.8106992840766907,0.7914383411407471,0.8286921381950378,0.7982176542282104
182,99.9771499633789,16,0.349775493144989,0.6071507930755615,0.6073823571205139,0.27709200978279114,0.7831385135650635,0.0,0.49386078119277954,0.2853442430496216,0.7831348776817322,1.0,0.7615271806716919,0.780298113822937,0.7670127749443054,0.7949384450912476,0.7765124440193176,0.7923142910003662,0.8106992840766907,0.7914383411407471,0.8286921381950378,0.7982176542282104
183,99.97632598876953,16,0.3550037145614624,0.6071507930755615,0.6073823571205139,0.280877947807312,0.7831385135650635,0.0,0.48863255977630615,0.2815583050251007,0.7831348776817322,1.0,0.7615271806716919,0.780298113822937,0.7670127749443054,0.7949384450912476,0.7765124440193176,0.7923142910003662,0.8106992840766907,0.7914383411407471,0.8286921381950378,0.7982176542282104
184,99.97547149658203,14,0.3602352738380432,0.6071507930755615,0.6073823571205139,0.2871176600456238,0.7831385135650635,0.0,0.48340100049972534,0.27531859278678894,0.7831348776817322,1.0,0.7615271806716919,0.7670127749443054,0.780298113822937,0.7949384450912476,0.7765124440193176,0.7923142910003662,0.8106992840766907,0.7914383411407471,0.8286921381950378,0.7982176542282104
185,99.95683288574219,14,0.36923080682754517,0.6071507930755615,0.6073823571205139,0.2871176600456238,0.7831385135650635,0.0,0.4744054675102234,0.27531859278678894,0.7831348776817322,1.0,0.7615271806716919,0.7670127749443054,0.780298113822937,0.7949384450912476,0.7765124440193176,0.7923142910003662,0.8106992840766907,0.7914383411407471,0.8286921381950378,0.7982176542282104
186,99.95521545410156,14,0.37822648882865906,0.6071507930755615,0.6073823571205139,0.2871176600456238,0.7831385135650635,0.0,0.4654097855091095,0.27531859278678894,0.7831348776817322,1.0,0.7615271806716919,0.7670127749443054,0.780298113822937,0.7949384450912476,0.7765124440193176,0.7923142910003662,0.8106992840766907,0.7914383411407471,0.8286921381950378,0.7982176542282104
187,99.95359802246094,14,0.38722240924835205,0.6071507930755615,0.6073823571205139,0.2871176600456238,0.7831385135650635,0.0,0.4564138650894165,0.27531859278678894,0.7831348776817322,1.0,0.7615271806716919,0.7670127749443054,0.780298113822937,0.7949384450912476,0.7765124440193176,0.7923142910003662,0.8106992840766907,0.7914383411407471,0.8286921381950378,0.7982176542282104
188,99.95197296142578,14,0.39621880650520325,0.6071507930755615,0.6073823571205139,0.2871176600456238,0.7831385135650635,0.0,0.4474174678325653,0.27531859278678894,0.7831348776817322,1.0,0.7615271806716919,0.7670127749443054,0.780298113822937,0.7949384450912476,0.7765124440193176,0.7923142910003662,0.8106992840766907,0.7914383411407471,0.8286921381950378,0.7982176542282104
189,99.95036315917969,14,0.405216246843338,0.6071507930755615,0.6073823571205139,0.2871176600456238,0.7831385135650635,0.0,0.43842002749443054,0.27531859278678894,0.7831348776817322,1.0,0.7615271806716919,0.7670127749443054,0.780298113822937,0.7949384450912476,0.7765124440193176,0.7923142910003662,0.8106992840766907,0.7914383411407471,0.8286921381950378,0.7982176542282104
190,99.94873809814453,14,0.41421690583229065,0.6071507930755615,0.6073823571205139,0.2871176600456238,0.7831385135650635,0.0,0.4294193685054779,0.27531859278678894,0.7831348776817322,1.0,0.7615271806716919,0.7670127749443054,0.780298113822937,0.7949384450912476,0.7765124440193176,0.7923142910003662,0.8106992840766907,0.7914383411407471,0.8286921381950378,0.7982176542282104
191,99.94712829589844,12,0.4232383966445923,0.6071507930755615,0.6073823571205139,0.2871176600456238,0.7831385135650635,0.0,0.42039787769317627,0.27531859278678894,0.7831348776817322,1.0,0.7615271806716919,0.7670127749443054,0.780298113822937,0.7765124440193176,0.7949384450912476,0.7923142910003662,0.8106992840766907,0.7914383411407471,0.8286921381950378,0.7982176542282104
192,99.85807037353516,12,0.4269174337387085,0.6034717559814453,0.6073823571205139,0.29242539405822754,0.7831385135650635,0.0,0.4150901436805725,0.27531859278678894,0.7831348776817322,1.0,0.7615271806716919,0.7670127749443054,0.780298113822937,0.7765124440193176,0.7949384450912476,0.7923142910003662,0.8106992840766907,0.7914383411407471,0.8286921381950378,0.7982176542282104
193,99.85723876953125,12,0.4305964708328247,0.5997927188873291,0.6073823571205139,0.29773321747779846,0.7831385135650635,0.0,0.4097823202610016,0.27531859278678894,0.7831348776817322,1.0,0.7615271806716919,0.7670127749443054,0.780298113822937,0.7765124440193176,0.7949384450912476,0.7923142910003662,0.8106992840766907,0.7914383411407471,0.8286921381950378,0.7982176542282104
194,99.85639953613281,12,0.4342755377292633,0.5961136221885681,0.6073823571205139,0.3030411899089813,0.7831385135650635,0.0,0.4044743478298187,0.27531859278678894,0.7831348776817322,1.0,0.7615271806716919,0.7670127749443054,0.780298113822937,0.7765124440193176,0.7949384450912476,0.7923142910003662,0.8106992840766907,0.7914383411407471,0.8286921381950378,0.7982176542282104
195,99.8555679321289,12,0.4379546344280243,0.5924345254898071,0.6073823571205139,0.3083493411540985,0.7831385135650635,0.0,0.39916619658470154,0.27531859278678894,0.7831348776817322,1.0,0.7615271806716919,0.7670127749443054,0.780298113822937,0.7765124440193176,0.7949384450912476,0.7923142910003662,0.8106992840766907,0.7914383411407471,0.8286921381950378,0.7982176542282104
196,99.85472869873047,12,0.44163376092910767,0.5887554287910461,0.6073823571205139,0.3136577308177948,0.7831385135650635,0.0,0.39385780692100525,0.27531859278678894,0.7831348776817322,1.0,0.7615271806716919,0.7670127749443054,0.780298113822937,0.7765124440193176,0.7949384450912476,0.7923142910003662,0.8106992840766907,0.7914383411407471,0.8286921381950378,0.7982176542282104
197,99.85389709472656,12,0.4453129172325134,0.5850762724876404,0.6073823571205139,0.31896647810935974,0.7831385135650635,0.0,0.3885490596294403,0.27531859278678894,0.7831348776817322,1.0,0.7615271806716919,0.7670127749443054,0.780298113822937,0.7765124440193176,0.7949384450912476,0.7923142910003662,0.8106992840766907,0.7914383411407471,0.8286921381950378,0.7982176542282104
198,99.85306549072266,12,0.44899216294288635,0.5813969969749451,0.6073823571205139,0.3242756724357605,0.7831385135650635,0.0,0.38323986530303955,0.27531859278678894,0.7831348776817322,1.0,0.7615271806716919,0.7670127749443054,0.780298113822937,0.7765124440193176,0.7949384450912476,0.7923142910003662,0.8106992840766907,0.7914383411407471,0.8286921381950378,0.7982176542282104
199,99.85222625732422,12,0.45267146825790405,0.5777177214622498,0.6073823571205139,0.3295856714248657,0.7831385135650635,0.0,0.3779298663139343,0.27531859278678894,0.7831348776817322,1.0,0.7615271806716919,0.7670127749443054,0.780298113822937,0.7765124440193176,0.7949384450912476,0.7923142910003662,0.8106992840766907,0.7914383411407471,0.8286921381950378,0.7982176542282104
200,99.85139465332031,12,0.45635083317756653,0.5740383863449097,0.6073823571205139,0.33489710092544556,0.7831385135650635,0.0,0.3726184368133545,0.27531859278678894,0.7831348776817322,1.0,0.7615271806716919,0.7670127749443054,0.780298113822937,0.7765124440193176,0.7949384450912476,0.7923142910003662,0.8106992840766907,0.7914383411407471,0.8286921381950378,0.7982176542282104
201,99.85055541992188,12,0.4600302278995514,0.5703589916229248,0.6073823571205139,0.34021133184432983,0.7831385135650635,0.0,0.3673042058944702,0.27531859278678894,0.7831348776817322,1.0,0.7615271806716919,0.7670127749443054,0.780298113822937,0.7765124440193176,0.7949384450912476,0.7923142910003662,0.8106992840766907,0.7914383411407471,0.8286921381950378,0.7982176542282104
202,99.84972381591797,12,0.4637097120285034,0.5666794776916504,0.6073823571205139,0.34553223848342896,0.7831385135650635,0.0,0.3619832992553711,0.27531859278678894,0.7831348776817322,1.0,0.7615271806716919,0.7670127749443054,0.780298113822937,0.7765124440193176,0.7949384450912476,0.7923142910003662,0.8106992840766907,0.7914383411407471,0.8286921381950378,0.7982176542282104
203,99.84888458251953,12,0.4673893451690674,0.5629998445510864,0.6073823571205139,0.35087668895721436,0.7831385135650635,0.0,0.3566388487815857,0.27531859278678894,0.7831348776817322,1.0,0.7615271806716919,0.7670127749443054,0.780298113822937,0.7765124440193176,0.7949384450912476,0.7923142910003662,0.8106992840766907,0.7914383411407471,0.8286921381950378,0.7982176542282104
204,99.8480453491211,10,0.4710693657398224,0.5593198537826538,0.6073823571205139,0.3564881384372711,0.7831385135650635,0.0,0.35102739930152893,0.27531859278678894,0.7831348776817322,1.0,0.7615271806716919,0.7670127749443054,0.7765124440193176,0.780298113822937,0.7949384450912476,0.7923142910003662,0.8106992840766907,0.7914383411407471,0.8286921381950378,0.7982176542282104
205,99.6282730102539,10,0.4800405502319336,0.5503486394882202,0.6073823571205139,0.3564881384372711,0.7831385135650635,0.0,0.35102739930152893,0.27531859278678894,0.7831348776817322,1.0,0.7615271806716919,0.7670127749443054,0.7765124440193176,0.780298113822937,0.7949384450912476,0.7923142910003662,0.8106992840766907,0.7914383411407471,0.8286921381950378,0.7982176542282104
206,99.62667083740234,10,0.48901471495628357,0.5413745045661926,0.6073823571205139,0.3564881384372711,0.7831385135650635,0.0,0.35102739930152893,0.27531859278678894,0.7831348776817322,1.0,0.7615271806716919,0.7670127749443054,0.7765124440193176,0.780298113822937,0.7949384450912476,0.7923142910003662,0.8106992840766907,0.7914383411407471,0.8286921381950378,0.7982176542282104
207,99.62506103515625,10,0.49799561500549316,0.5323936343193054,0.6073823571205139,0.3564881384372711,0.7831385135650635,0.0,0.35102739930152893,0.27531859278678894,0.7831348776817322,1.0,0.7615271806716919,0.7670127749443054,0.7765124440193176,0.780298113822937,0.7949384450912476,0.7923142910003662,0.8106992840766907,0.7914383411407471,0.8286921381950378,0.7982176542282104
208,99.6234359741211,10,0.5069952011108398,0.5233940482139587,0.6073823571205139,0.3564881384372711,0.7831385135650635,0.0,0.35102739930152893,0.27531859278678894,0.7831348776817322,1.0,0.7615271806716919,0.7670127749443054,0.7765124440193176,0.780298113822937,0.7949384450912476,0.7923142910003662,0.8106992840766907,0.7914383411407471,0.8286921381950378,0.7982176542282104
209,99.621826171875,10,0.5161100625991821,0.5142791867256165,0.6073823571205139,0.3564881384372711,0.7831385135650635,0.0,0.35102739930152893,0.27531859278678894,0.7831348776817322,1.0,0.7615271806716919,0.7670127749443054,0.7765124440193176,0.780298113822937,0.7923142910003662,0.7949384450912476,0.8106992840766907,0.7914383411407471,0.8286921381950378,0.7982176542282104
